"Date","Number 1","Number 2","Number 3","Number 4","Number 5","Powerball","Power Play","Jackpot"
"01/09/2016","32","16","19","57","34","13","3","947900000.0000"
"01/06/2016","47","2","63","62","11","17","3","528500000.0000"
"01/02/2016","42","15","6","5","29","10","2","355800000.0000"
"12/30/2015","12","61","54","38","36","22","3","301800000.0000"
"12/26/2015","65","40","44","59","27","20","2","261700000.0000"
"12/23/2015","67","16","63","38","55","25","4","232600000.0000"
"12/19/2015","30","68","59","41","28","10","2","204600000.0000"
"12/16/2015","9","42","10","55","32","6","2","180000000.0000"
"12/12/2015","62","2","30","19","14","22","2","161000000.0000"
"12/09/2015","16","46","10","56","7","1","2","145900000.0000"
"12/05/2015","47","33","68","27","13","13","2","128700000.0000"
"12/02/2015","14","18","19","64","32","9","2","110000000.0000"
"11/28/2015","47","2","66","67","6","2","3","100000000.0000"
"11/25/2015","53","16","69","58","29","21","2","90000000.0000"
"11/21/2015","37","57","47","50","52","21","3","80000000.0000"
"11/18/2015","40","17","46","69","41","6","2","70000000.0000"
"11/14/2015","14","22","37","45","66","5","3","60000000.0000"
"11/11/2015","26","4","32","55","64","18","3","50000000.0000"
"11/07/2015","50","53","7","16","25","15","2","40000000.0000"
"11/04/2015","12","2","17","20","65","17","4","144100000.0000"
"10/31/2015","9","47","20","25","68","7","2","127500000.0000"
"10/28/2015","56","62","54","63","4","10","2","110000000.0000"
"10/24/2015","20","31","56","64","60","2","3","100000000.0000"
"10/21/2015","57","32","30","42","56","11","4","90000000.0000"
"10/17/2015","57","62","69","49","48","19","3","80000000.0000"
"10/14/2015","20","15","31","40","29","1","2","70000000.0000"
"10/10/2015","27","68","12","43","29","1","2","60000000.0000"
"10/07/2015","52","40","48","18","30","9","3","50000000.0000"
"10/03/2015","33","6","46","44","26","4","2","40000000.0000"
"09/30/2015","40","59","21","39","55","17","3","310500000.0000"
"09/26/2015","23","57","42","31","50","5","3","266600000.0000"
"09/23/2015","8","29","51","58","41","5","2","238600000.0000"
"09/19/2015","12","43","17","26","48","24","2","211500000.0000"
"09/16/2015","7","5","39","24","31","7","3","188000000.0000"
"09/12/2015","35","3","16","2","13","27","3","168700000.0000"
"09/09/2015","50","44","45","51","47","8","2","149400000.0000"
"09/05/2015","29","10","18","16","45","19","2","134100000.0000"
"09/02/2015","17","46","22","30","56","16","3","120000000.0000"
"08/29/2015","25","18","29","21","28","16","2","110000000.0000"
"08/26/2015","22","56","2","45","32","12","5","100000000.0000"
"08/22/2015","12","14","21","4","55","7","4","90000000.0000"
"08/19/2015","6","43","48","50","8","7","2","80000000.0000"
"08/15/2015","3","17","13","52","42","24","4","70000000.0000"
"08/12/2015","29","38","8","13","52","28","2","60000000.0000"
"08/08/2015","34","48","54","52","9","15","4","50000000.0000"
"08/05/2015","42","14","9","16","11","19","2","40000000.0000"
"08/01/2015","13","7","49","24","57","15","3","110000000.0000"
"07/29/2015","4","52","22","27","28","35","3","100000000.0000"
"07/25/2015","27","44","41","29","34","2","3","90000000.0000"
"07/22/2015","31","12","57","44","43","11","2","80000000.0000"
"07/18/2015","39","6","37","45","55","33","3","70000000.0000"
"07/15/2015","45","34","13","50","16","11","2","60000000.0000"
"07/11/2015","46","39","52","11","54","3","2","50000000.0000"
"07/08/2015","30","27","25","15","4","18","3","40000000.0000"
"07/04/2015","24","18","6","3","14","21","3","70000000.0000"
"07/01/2015","24","41","31","26","7","25","2","60000000.0000"
"06/27/2015","35","18","46","49","28","27","5","50000000.0000"
"06/24/2015","5","10","3","22","32","7","4","40000000.0000"
"06/20/2015","20","16","10","57","9","15","2","80000000.0000"
"06/17/2015","22","20","21","54","41","7","3","70000000.0000"
"06/13/2015","41","29","52","54","48","29","2","60000000.0000"
"06/10/2015","49","32","31","53","48","25","2","50000000.0000"
"06/06/2015","18","43","13","8","27","15","4","40000000.0000"
"06/03/2015","6","40","37","13","8","11","2","188900000.0000"
"05/30/2015","57","25","8","56","9","22","2","170100000.0000"
"05/27/2015","8","15","59","34","53","23","2","153800000.0000"
"05/23/2015","31","9","43","17","15","16","4","138000000.0000"
"05/20/2015","12","1","44","28","35","25","3","121300000.0000"
"05/16/2015","48","24","38","52","29","32","2","110000000.0000"
"05/13/2015","31","29","1","47","25","7","3","100000000.0000"
"05/09/2015","58","4","17","35","15","17","3","90000000.0000"
"05/06/2015","24","41","39","23","27","30","5","80000000.0000"
"05/02/2015","2","31","6","11","30","33","3","70000000.0000"
"04/29/2015","26","1","38","34","51","6","3","60000000.0000"
"04/25/2015","45","21","35","33","38","12","2","50000000.0000"
"04/22/2015","25","10","14","39","53","18","2","40000000.0000"
"04/18/2015","31","22","13","23","29","17","3","50000000.0000"
"04/15/2015","1","21","29","16","40","30","3","40000000.0000"
"04/11/2015","58","1","32","42","12","12","2","80000000.0000"
"04/08/2015","1","19","45","58","46","29","2","70000000.0000"
"04/04/2015","41","33","39","54","40","28","3","60000000.0000"
"04/01/2015","44","39","30","33","2","1","3","50000000.0000"
"03/28/2015","38","2","12","4","6","17","3","40000000.0000"
"03/25/2015","54","23","19","7","50","14","2","40000000.0000"
"03/21/2015","30","38","16","11","42","7","4","50000000.0000"
"03/18/2015","30","47","33","25","14","8","2","40000000.0000"
"03/14/2015","46","47","8","14","39","18","2","136000000.0000"
"03/11/2015","24","44","31","11","40","27","2","118800000.0000"
"03/07/2015","50","42","36","38","34","33","4","101500000.0000"
"03/04/2015","8","35","15","12","50","32","2","90000000.0000"
"02/28/2015","25","28","11","17","46","12","2","80000000.0000"
"02/25/2015","39","17","21","32","19","8","3","70000000.0000"
"02/21/2015","18","51","14","34","10","26","2","60000000.0000"
"02/18/2015","29","1","49","9","32","22","2","50000000.0000"
"02/14/2015","44","45","1","24","51","28","2","40000000.0000"
"02/11/2015","25","11","54","13","39","19","3","564100000.0000"
"02/07/2015","34","58","5","21","10","33","5","394900000.0000"
"02/04/2015","51","52","36","24","56","22","2","324700000.0000"
"01/31/2015","16","5","50","11","26","34","2","285800000.0000"
"01/28/2015","49","24","12","36","35","1","5","259900000.0000"
"01/24/2015","19","16","20","33","29","10","2","235200000.0000"
"01/21/2015","57","12","28","15","11","23","4","211200000.0000"
"01/17/2015","15","27","23","36","16","9","2","190400000.0000"
"01/14/2015","10","4","53","2","41","22","5","176600000.0000"
"01/10/2015","19","9","29","2","28","19","5","160300000.0000"
"01/07/2015","47","49","59","15","14","10","2","147400000.0000"
"01/03/2015","4","43","46","55","18","25","3","132600000.0000"
"12/31/2014","40","27","17","53","37","35","2","120000000.0000"
"12/27/2014","36","14","10","11","7","15","2","110000000.0000"
"12/24/2014","46","11","12","47","50","22","4","100000000.0000"
"12/20/2014","19","15","56","31","14","5","5","90000000.0000"
"12/17/2014","47","31","48","38","22","15","3","80000000.0000"
"12/13/2014","5","13","43","55","28","33","3","70000000.0000"
"12/10/2014","48","34","55","44","54","10","2","60000000.0000"
"12/06/2014","43","22","49","15","12","14","2","50000000.0000"
"12/03/2014","54","30","32","46","25","26","3","40000000.0000"
"11/29/2014","13","30","24","42","48","27","2","90000000.0000"
"11/26/2014","46","17","22","16","54","35","5","80000000.0000"
"11/22/2014","54","53","23","57","49","35","2","70000000.0000"
"11/19/2014","38","6","36","48","51","17","2","60000000.0000"
"11/15/2014","35","16","33","51","13","28","2","50000000.0000"
"11/12/2014","55","37","39","52","51","11","3","40000000.0000"
"11/08/2014","9","33","19","38","54","15","3","202600000.0000"
"11/05/2014","19","2","11","21","42","34","3","179600000.0000"
"11/01/2014","1","38","25","13","3","17","2","160300000.0000"
"10/29/2014","48","28","59","25","57","16","3","140900000.0000"
"10/25/2014","54","57","51","6","10","12","2","124900000.0000"
"10/22/2014","40","42","30","29","50","16","2","110000000.0000"
"10/18/2014","36","20","54","27","26","19","2","100000000.0000"
"10/15/2014","5","7","28","27","19","20","2","90000000.0000"
"10/11/2014","37","39","38","19","10","28","2","80000000.0000"
"10/08/2014","46","50","16","31","5","18","3","70000000.0000"
"10/04/2014","13","33","18","24","25","31","2","60000000.0000"
"10/01/2014","20","1","45","18","4","7","2","50000000.0000"
"09/27/2014","54","11","52","35","2","13","3","40000000.0000"
"09/24/2014","7","14","24","41","21","26","4","228500000.0000"
"09/20/2014","23","22","30","39","37","16","4","198300000.0000"
"09/17/2014","36","18","25","50","48","23","2","172700000.0000"
"09/13/2014","37","6","1","53","16","27","3","151600000.0000"
"09/10/2014","14","39","2","40","43","13","5","128900000.0000"
"09/06/2014","29","43","31","50","9","18","2","111100000.0000"
"09/03/2014","43","2","51","45","16","35","3","100000000.0000"
"08/30/2014","5","52","28","59","31","27","2","90000000.0000"
"08/27/2014","24","17","45","46","26","19","3","80000000.0000"
"08/23/2014","52","28","36","32","35","31","3","70000000.0000"
"08/20/2014","21","40","8","38","4","3","2","60000000.0000"
"08/16/2014","7","8","17","59","48","9","2","50000000.0000"
"08/13/2014","37","8","40","52","39","24","2","40000000.0000"
"08/09/2014","34","12","31","51","3","24","2","90000000.0000"
"08/06/2014","49","1","8","24","28","24","5","80000000.0000"
"08/02/2014","12","46","44","47","26","29","2","70000000.0000"
"07/30/2014","49","13","30","53","42","29","3","60000000.0000"
"07/26/2014","38","39","28","24","30","16","2","50000000.0000"
"07/23/2014","22","12","4","31","10","3","5","40000000.0000"
"07/19/2014","10","53","17","25","45","9","2","60000000.0000"
"07/16/2014","5","32","26","18","15","35","3","50000000.0000"
"07/12/2014","23","7","2","3","51","26","2","40000000.0000"
"07/09/2014","9","55","42","25","57","14","2","124900000.0000"
"07/05/2014","34","58","24","36","57","11","4","106000000.0000"
"07/02/2014","58","18","53","8","45","35","2","90000000.0000"
"06/28/2014","56","8","12","43","34","9","2","80000000.0000"
"06/25/2014","50","53","10","20","25","35","4","70000000.0000"
"06/21/2014","41","6","54","5","37","26","3","60000000.0000"
"06/18/2014","6","52","59","29","9","7","3","50000000.0000"
"06/14/2014","33","54","42","9","45","30","3","40000000.0000"
"06/11/2014","14","25","33","18","49","23","5","259800000.0000"
"06/07/2014","58","30","35","28","59","15","2","227400000.0000"
"06/04/2014","22","7","1","10","49","24","3","196100000.0000"
"05/31/2014","34","15","48","27","31","1","2","172700000.0000"
"05/28/2014","24","2","28","32","59","25","3","153000000.0000"
"05/24/2014","55","15","49","16","28","18","2","135100000.0000"
"05/21/2014","20","34","58","4","39","31","5","115500000.0000"
"05/17/2014","32","23","47","39","49","22","3","100000000.0000"
"05/14/2014","55","7","52","33","39","33","3","90000000.0000"
"05/10/2014","41","47","55","31","4","1","2","80000000.0000"
"05/07/2014","48","31","17","49","29","34","2","70000000.0000"
"05/03/2014","15","5","46","49","16","26","4","60000000.0000"
"04/30/2014","9","2","19","50","11","32","3","50000000.0000"
"04/26/2014","30","3","22","7","33","20","3","40000000.0000"
"04/23/2014","29","48","36","19","25","12","4","148800000.0000"
"04/19/2014","35","6","51","5","29","21","5","130000000.0000"
"04/16/2014","42","34","59","39","44","8","3","110000000.0000"
"04/12/2014","26","45","14","55","54","20","2","91900000.0000"
"04/09/2014","49","14","48","9","44","29","2","80000000.0000"
"04/05/2014","26","11","21","34","33","29","5","70000000.0000"
"04/02/2014","19","22","13","53","8","24","2","60000000.0000"
"03/29/2014","3","12","27","38","2","17","2","50000000.0000"
"03/26/2014","33","41","59","44","28","21","2","40000000.0000"
"03/22/2014","55","13","28","58","31","15","2","96500000.0000"
"03/19/2014","34","23","43","19","2","14","2","80000000.0000"
"03/15/2014","34","5","51","2","58","9","4","70000000.0000"
"03/12/2014","28","54","14","15","37","10","2","60000000.0000"
"03/08/2014","14","24","32","41","10","30","2","50000000.0000"
"03/05/2014","26","3","9","7","54","19","2","40000000.0000"
"03/01/2014","3","8","25","47","30","13","4","60000000.0000"
"02/26/2014","42","11","12","38","17","2","2","50000000.0000"
"02/22/2014","13","2","54","14","3","4","5","40000000.0000"
"02/19/2014","17","49","54","35","1","34","3","425300000.0000"
"02/15/2014","9","23","2","14","21","3","3","330800000.0000"
"02/12/2014","52","49","36","57","44","1","2","286100000.0000"
"02/08/2014","54","37","34","25","24","29","2","253300000.0000"
"02/05/2014","8","57","17","59","32","24","3","219600000.0000"
"02/01/2014","12","15","38","5","27","7","2","193900000.0000"
"01/29/2014","47","23","11","28","32","20","2","170200000.0000"
"01/25/2014","57","8","55","12","18","2","2","150200000.0000"
"01/22/2014","55","2","7","1","9","29","3","131200000.0000"
"01/18/2014","38","14","13","19","31","25","","113300000.0000"
"01/15/2014","29","8","9","7","24","25","","93800000.0000"
"01/11/2014","54","15","48","33","10","34","","80000000.0000"
"01/08/2014","39","28","58","47","10","22","","70000000.0000"
"01/04/2014","19","58","37","20","41","14","","60000000.0000"
"01/01/2014","52","48","15","24","40","23","","50000000.0000"
"12/28/2013","56","51","35","44","8","18","","40000000.0000"
"12/25/2013","38","56","28","39","23","32","","71500000.0000"
"12/21/2013","36","51","45","25","40","8","","60000000.0000"
"12/18/2013","39","7","40","24","37","1","","50000000.0000"
"12/14/2013","33","41","25","14","32","34","","40000000.0000"
"12/11/2013","10","18","19","1","13","27","","122900000.0000"
"12/07/2013","45","13","48","32","20","17","","101900000.0000"
"12/04/2013","9","6","11","44","31","25","","80600000.0000"
"11/30/2013","26","5","45","44","57","29","","70000000.0000"
"11/27/2013","57","25","18","55","50","17","","60000000.0000"
"11/23/2013","12","52","55","43","5","10","","50000000.0000"
"11/20/2013","32","4","45","23","18","7","","40000000.0000"
"11/16/2013","29","37","59","10","44","10","","130300000.0000"
"11/13/2013","31","5","55","50","56","9","","107600000.0000"
"11/09/2013","37","56","3","49","9","32","","88000000.0000"
"11/06/2013","49","1","5","10","15","22","","70000000.0000"
"11/02/2013","27","40","13","23","24","17","","60000000.0000"
"10/30/2013","54","2","49","36","40","10","","50000000.0000"
"10/26/2013","56","6","4","34","49","29","","40000000.0000"
"10/23/2013","47","34","23","31","3","13","","213400000.0000"
"10/19/2013","33","9","56","54","57","5","","183000000.0000"
"10/16/2013","3","42","26","34","28","28","","157600000.0000"
"10/12/2013","10","58","26","57","8","4","","133800000.0000"
"10/09/2013","9","38","3","33","19","18","","109800000.0000"
"10/05/2013","11","39","40","17","12","5","","88000000.0000"
"10/02/2013","6","51","42","4","25","17","","70000000.0000"
"09/28/2013","47","53","14","52","54","5","","60000000.0000"
"09/25/2013","49","7","17","53","2","23","","50000000.0000"
"09/21/2013","58","54","45","17","12","13","","40000000.0000"
"09/18/2013","7","10","35","32","22","19","","399400000.0000"
"09/14/2013","1","25","44","17","37","20","","301400000.0000"
"09/11/2013","19","33","42","52","11","33","","248300000.0000"
"09/07/2013","2","22","19","45","26","24","","208600000.0000"
"09/04/2013","2","45","26","9","47","11","","168700000.0000"
"08/31/2013","40","25","7","56","2","20","","142300000.0000"
"08/28/2013","32","19","7","9","6","13","","117700000.0000"
"08/24/2013","45","17","59","12","25","19","","94400000.0000"
"08/21/2013","30","48","42","46","40","23","","72000000.0000"
"08/17/2013","18","54","56","21","46","23","","60000000.0000"
"08/14/2013","17","43","11","4","51","20","","50000000.0000"
"08/10/2013","37","58","14","4","12","13","","40000000.0000"
"08/07/2013","58","5","25","59","30","32","","448400000.0000"
"08/03/2013","24","36","21","45","42","15","","307300000.0000"
"07/31/2013","8","24","59","39","49","5","","243700000.0000"
"07/27/2013","58","53","40","23","9","6","","201300000.0000"
"07/24/2013","44","29","54","40","9","7","","167400000.0000"
"07/20/2013","14","27","58","25","38","6","","142100000.0000"
"07/17/2013","22","1","42","38","34","17","","118300000.0000"
"07/13/2013","8","37","2","35","22","6","","97800000.0000"
"07/10/2013","55","45","31","30","59","27","","80000000.0000"
"07/06/2013","52","2","36","35","13","11","","70000000.0000"
"07/03/2013","40","6","51","29","3","4","","60000000.0000"
"06/29/2013","28","8","56","53","30","16","","50000000.0000"
"06/26/2013","1","46","39","33","18","33","","40000000.0000"
"06/22/2013","33","57","19","23","13","28","",""
"06/19/2013","57","47","46","52","7","17","","104700000.0000"
"06/15/2013","48","55","28","40","36","1","","85400000.0000"
"06/12/2013","22","16","42","23","55","32","","70000000.0000"
"06/08/2013","2","26","11","32","22","19","","60000000.0000"
"06/05/2013","4","36","26","33","55","32","","50000000.0000"
"06/01/2013","33","53","59","22","28","14","","40000000.0000"
"05/29/2013","49","14","9","17","57","2","","40000000.0000"
"05/25/2013","27","21","19","6","2","25","","50000000.0000"
"05/22/2013","31","35","41","9","57","26","","40000000.0000"
"05/18/2013","22","10","13","14","52","11","","590500000.0000"
"05/15/2013","2","34","11","41","26","32","","363900000.0000"
"05/11/2013","6","23","19","43","13","16","","279000000.0000"
"05/08/2013","21","57","26","22","30","27","","229700000.0000"
"05/04/2013","26","36","40","7","12","17","","193800000.0000"
"05/01/2013","31","22","55","26","54","18","","163800000.0000"
"04/27/2013","55","54","48","23","3","5","","139400000.0000"
"04/24/2013","9","59","31","56","19","2","","116000000.0000"
"04/20/2013","6","39","8","30","48","20","","95600000.0000"
"04/17/2013","58","18","48","13","36","28","","80000000.0000"
"04/13/2013","10","57","31","12","56","33","","70000000.0000"
"04/10/2013","40","1","52","36","53","20","","60000000.0000"
"04/06/2013","39","29","4","8","7","24","","50000000.0000"
"04/03/2013","35","8","12","1","6","3","","40000000.0000"
"03/30/2013","23","46","11","26","55","27","","50000000.0000"
"03/27/2013","43","48","7","37","52","16","","40000000.0000"
"03/23/2013","29","53","52","17","31","31","","338300000.0000"
"03/20/2013","43","17","14","13","54","15","","261600000.0000"
"03/16/2013","44","53","7","21","3","16","","217700000.0000"
"03/13/2013","38","9","32","28","5","29","","183000000.0000"
"03/09/2013","46","52","37","10","40","12","","155500000.0000"
"03/06/2013","45","10","6","23","41","1","","126700000.0000"
"03/02/2013","56","13","8","41","3","16","","105900000.0000"
"02/27/2013","48","20","14","34","3","21","","90000000.0000"
"02/23/2013","41","31","39","2","5","29","","80000000.0000"
"02/20/2013","25","3","32","17","19","17","","70000000.0000"
"02/16/2013","58","16","15","46","50","29","","60000000.0000"
"02/13/2013","12","43","27","25","23","29","","50000000.0000"
"02/09/2013","58","36","16","6","5","3","","40000000.0000"
"02/06/2013","36","38","5","27","41","12","","217200000.0000"
"02/02/2013","41","33","16","40","11","34","","183100000.0000"
"01/30/2013","47","16","14","32","52","16","","154100000.0000"
"01/26/2013","22","49","41","26","3","18","","132500000.0000"
"01/23/2013","24","43","11","12","45","9","","112000000.0000"
"01/19/2013","29","8","28","34","38","35","","100000000.0000"
"01/16/2013","51","21","32","28","9","35","","90000000.0000"
"01/12/2013","47","21","23","14","10","7","","80000000.0000"
"01/09/2013","11","20","13","27","59","26","","70000000.0000"
"01/05/2013","30","49","54","26","51","25","","60000000.0000"
"01/02/2013","20","18","53","28","35","20","","50000000.0000"
"12/29/2012","55","52","46","50","36","14","","40000000.0000"
"12/26/2012","54","43","13","11","23","4","","50000000.0000"
"12/22/2012","18","44","35","39","1","11","","40000000.0000"
"12/19/2012","23","20","5","30","8","3","","50000000.0000"
"12/15/2012","40","23","44","55","15","14","","40000000.0000"
"12/12/2012","36","25","44","8","10","28","","50000000.0000"
"12/08/2012","23","40","53","26","7","21","","40000000.0000"
"12/05/2012","27","19","38","13","17","12","","50000000.0000"
"12/01/2012","46","10","3","19","36","3","","40000000.0000"
"11/28/2012","5","23","16","22","29","6","","587500000.0000"
"11/24/2012","22","32","37","44","50","34","","327000000.0000"
"11/21/2012","24","30","8","18","39","26","","262900000.0000"
"11/17/2012","15","59","27","58","3","20","","219200000.0000"
"11/14/2012","44","10","58","8","30","13","","187400000.0000"
"11/10/2012","55","32","50","54","42","32","","163500000.0000"
"11/07/2012","32","45","34","52","58","20","","145600000.0000"
"11/03/2012","54","4","7","9","30","25","","126300000.0000"
"10/31/2012","45","31","1","48","27","5","","110000000.0000"
"10/27/2012","34","56","36","32","22","33","","100000000.0000"
"10/24/2012","18","50","23","3","21","4","","90000000.0000"
"10/20/2012","4","28","31","44","21","10","","80000000.0000"
"10/17/2012","42","23","10","7","1","35","","70000000.0000"
"10/13/2012","5","2","26","25","49","18","","60000000.0000"
"10/10/2012","35","18","43","29","26","28","","50000000.0000"
"10/06/2012","36","59","26","15","34","35","","40000000.0000"
"10/03/2012","55","23","17","59","36","10","","50000000.0000"
"09/29/2012","57","14","29","18","28","8","","40000000.0000"
"09/26/2012","41","26","42","13","39","10","","202100000.0000"
"09/22/2012","40","42","18","16","2","33","","173400000.0000"
"09/19/2012","50","1","8","39","5","23","","152100000.0000"
"09/15/2012","43","26","3","20","48","1","","131900000.0000"
"09/12/2012","48","56","24","36","33","6","","110000000.0000"
"09/08/2012","34","44","20","48","6","29","","100000000.0000"
"09/05/2012","42","4","26","51","19","29","","90000000.0000"
"09/01/2012","8","44","21","11","49","22","","80000000.0000"
"08/29/2012","49","54","28","25","56","28","","70000000.0000"
"08/25/2012","7","20","6","1","49","23","","60000000.0000"
"08/22/2012","47","31","22","29","55","19","","50000000.0000"
"08/18/2012","55","41","26","14","59","1","","40000000.0000"
"08/15/2012","56","27","46","6","51","21","","337000000.0000"
"08/11/2012","51","13","46","39","4","1","","259500000.0000"
"08/08/2012","7","15","3","11","28","12","","216800000.0000"
"08/04/2012","55","30","53","48","19","18","","186100000.0000"
"08/01/2012","58","3","56","48","16","4","","159500000.0000"
"07/28/2012","6","50","5","36","13","13","","138900000.0000"
"07/25/2012","14","3","46","38","35","16","","120900000.0000"
"07/21/2012","9","54","38","56","31","20","","110000000.0000"
"07/18/2012","5","2","57","23","20","3","","100000000.0000"
"07/14/2012","4","46","16","37","32","13","","90000000.0000"
"07/11/2012","5","36","49","55","22","23","","80000000.0000"
"07/07/2012","5","3","29","59","39","29","","70000000.0000"
"07/04/2012","35","19","14","39","56","33","","60000000.0000"
"06/30/2012","20","7","15","41","44","22","","50000000.0000"
"06/27/2012","58","34","6","46","40","6","","40000000.0000"
"06/23/2012","44","1","53","3","41","30","","60000000.0000"
"06/20/2012","17","11","29","56","57","14","","50000000.0000"
"06/16/2012","14","16","27","15","8","26","","40000000.0000"
"06/13/2012","14","57","33","10","7","18","","241000000.0000"
"06/09/2012","56","45","57","22","18","27","","211200000.0000"
"06/06/2012","59","48","19","33","30","27","","179700000.0000"
"06/02/2012","17","45","10","29","9","33","","158800000.0000"
"05/30/2012","10","56","9","24","52","14","","144000000.0000"
"05/26/2012","49","59","13","41","14","14","","126700000.0000"
"05/23/2012","59","7","53","26","4","32","","110000000.0000"
"05/19/2012","46","13","8","51","35","30","","100000000.0000"
"05/16/2012","21","43","28","3","7","2","","90000000.0000"
"05/12/2012","35","24","58","53","10","22","","80000000.0000"
"05/09/2012","56","7","1","11","55","1","","70000000.0000"
"05/05/2012","12","59","44","20","9","23","","60000000.0000"
"05/02/2012","7","33","50","38","8","29","","50000000.0000"
"04/28/2012","57","40","58","31","39","33","","40000000.0000"
"04/25/2012","29","43","25","4","34","29","","172700000.0000"
"04/21/2012","8","42","51","20","6","16","","151200000.0000"
"04/18/2012","22","39","49","46","20","29","","130000000.0000"
"04/14/2012","15","16","19","14","24","2","","111400000.0000"
"04/11/2012","44","42","16","47","23","2","","94500000.0000"
"04/07/2012","13","30","5","20","17","18","","80000000.0000"
"04/04/2012","33","24","49","45","1","6","","70000000.0000"
"03/31/2012","14","5","58","54","36","27","","60000000.0000"
"03/28/2012","50","58","16","29","11","33","","50000000.0000"
"03/24/2012","15","37","35","1","47","8","","40000000.0000"
"03/21/2012","32","43","53","55","56","6","","70000000.0000"
"03/17/2012","11","55","58","14","49","30","","60000000.0000"
"03/14/2012","1","8","59","46","41","24","","50000000.0000"
"03/10/2012","5","41","20","14","17","5","","40000000.0000"
"03/07/2012","45","35","47","46","12","12","","60000000.0000"
"03/03/2012","47","30","29","49","45","35","","50000000.0000"
"02/29/2012","26","1","11","4","23","14","","40000000.0000"
"02/25/2012","54","11","6","42","53","7","","70000000.0000"
"02/22/2012","17","39","16","7","51","32","","60000000.0000"
"02/18/2012","23","50","28","59","56","5","","50000000.0000"
"02/15/2012","12","11","32","56","52","11","","40000000.0000"
"02/11/2012","37","52","10","1","57","11","","336400000.0000"
"02/08/2012","38","51","17","28","39","33","","255200000.0000"
"02/04/2012","23","56","43","45","15","7","","210300000.0000"
"02/01/2012","8","13","59","17","34","35","","173500000.0000"
"01/28/2012","41","54","59","33","5","13","","147000000.0000"
"01/25/2012","28","19","29","47","4","5","","122900000.0000"
"01/21/2012","44","12","43","24","45","7","","103100000.0000"
"01/18/2012","50","34","29","6","44","28","","81400000.0000"
"01/14/2012","41","30","10","36","38","1","5","65900000.0000"
"01/11/2012","47","5","29","45","19","25","2","54400000.0000"
"01/07/2012","3","24","38","21","39","24","5","43500000.0000"
"01/04/2012","50","35","21","47","46","2","4","31700000.0000"
"12/31/2011","5","25","40","23","28","34","4","25000000.0000"
"12/28/2011","16","27","45","41","21","14","2","20000000.0000"
"12/24/2011","52","51","16","14","30","19","2","128800000.0000"
"12/21/2011","31","15","13","54","10","18","5","105600000.0000"
"12/17/2011","59","28","51","13","49","33","4","89700000.0000"
"12/14/2011","46","52","24","56","2","19","5","77700000.0000"
"12/10/2011","33","41","4","19","59","9","5","65500000.0000"
"12/07/2011","39","20","14","40","3","37","2","53200000.0000"
"12/03/2011","18","5","33","43","45","8","3","42200000.0000"
"11/30/2011","47","6","2","34","35","22","2","30000000.0000"
"11/26/2011","55","20","37","45","39","28","2","25000000.0000"
"11/23/2011","30","35","57","4","59","25","2","20000000.0000"
"11/19/2011","16","9","17","28","30","11","3","59900000.0000"
"11/16/2011","22","25","39","13","51","28","2",""
"11/12/2011","56","4","35","51","36","8","5","35400000.0000"
"11/09/2011","58","59","35","5","57","12","3","25000000.0000"
"11/05/2011","43","39","2","33","40","26","3","20000000.0000"
"11/02/2011","12","39","14","46","34","36","4","254200000.0000"
"10/29/2011","11","40","16","51","56","38","5","209200000.0000"
"10/26/2011","39","21","1","18","55","6","3","173900000.0000"
"10/22/2011","8","3","23","30","58","13","4","148600000.0000"
"10/19/2011","26","35","16","52","58","2","5","125800000.0000"
"10/15/2011","38","24","5","10","43","1","4","107100000.0000"
"10/12/2011","43","10","12","23","47","18","3","87200000.0000"
"10/08/2011","35","3","37","27","45","31","5","74100000.0000"
"10/05/2011","46","7","43","54","20","17","4","60200000.0000"
"10/01/2011","27","43","12","23","1","31","3","48900000.0000"
"09/28/2011","41","51","30","50","53","8","2","37100000.0000"
"09/24/2011","27","12","3","4","44","26","5","30000000.0000"
"09/21/2011","47","52","55","48","12","13","4","25000000.0000"
"09/17/2011","43","22","6","20","32","11","2","20000000.0000"
"09/14/2011","16","50","42","59","41","5","3","25000000.0000"
"09/10/2011","32","53","22","4","19","24","4","20000000.0000"
"09/07/2011","54","3","5","27","18","13","4","108800000.0000"
"09/03/2011","15","52","25","53","54","2","5","91500000.0000"
"08/31/2011","19","35","57","47","13","29","5","76500000.0000"
"08/27/2011","2","54","12","58","25","14","3","62900000.0000"
"08/24/2011","49","53","13","9","47","39","5","47900000.0000"
"08/20/2011","23","2","47","28","17","36","2","35800000.0000"
"08/17/2011","31","28","48","18","52","37","4","25000000.0000"
"08/13/2011","35","9","50","12","58","4","2","20000000.0000"
"08/10/2011","46","41","36","18","11","38","4","228900000.0000"
"08/06/2011","57","59","54","25","30","6","3","182300000.0000"
"08/03/2011","49","19","13","28","21","11","2","160700000.0000"
"07/30/2011","55","20","40","47","41","19","2","135000000.0000"
"07/27/2011","40","51","59","41","38","33","2","113600000.0000"
"07/23/2011","38","1","48","27","7","30","3","93600000.0000"
"07/20/2011","40","42","38","1","4","17","4","76300000.0000"
"07/16/2011","28","48","54","24","50","25","3","62400000.0000"
"07/13/2011","54","18","8","19","32","8","4","48600000.0000"
"07/09/2011","31","9","23","1","11","6","3","36100000.0000"
"07/06/2011","55","50","24","11","15","8","2","25000000.0000"
"07/02/2011","11","29","1","51","18","32","3","20000000.0000"
"06/29/2011","30","24","57","59","45","26","3","77100000.0000"
"06/25/2011","18","39","57","36","41","12","4","63300000.0000"
"06/22/2011","59","12","46","19","15","12","4","49000000.0000"
"06/18/2011","22","38","21","12","41","18","2","36700000.0000"
"06/15/2011","41","43","20","19","38","29","4","25000000.0000"
"06/11/2011","50","16","18","36","27","8","3","20000000.0000"
"06/08/2011","53","37","14","44","45","29","5","25600000.0000"
"06/04/2011","17","58","39","19","41","21","5","20000000.0000"
"06/01/2011","56","38","46","8","18","31","4","201900000.0000"
"05/28/2011","43","12","20","51","55","11","4","169300000.0000"
"05/25/2011","50","4","31","42","23","23","2","144200000.0000"
"05/21/2011","8","49","2","40","50","36","3","121300000.0000"
"05/18/2011","7","12","42","49","13","16","4","98900000.0000"
"05/14/2011","40","18","17","8","44","16","2","81600000.0000"
"05/11/2011","43","32","9","45","17","31","3","65200000.0000"
"05/07/2011","11","55","47","2","27","15","4","51100000.0000"
"05/04/2011","15","41","29","27","3","24","4","36900000.0000"
"04/30/2011","41","15","6","13","32","3","2","25000000.0000"
"04/27/2011","40","44","55","24","4","5","2","20000000.0000"
"04/23/2011","58","11","3","48","47","19","3","74000000.0000"
"04/20/2011","9","24","43","34","36","27","3","57300000.0000"
"04/16/2011","21","55","33","45","44","7","5","42300000.0000"
"04/13/2011","4","49","39","50","23","39","3","28000000.0000"
"04/09/2011","53","5","56","14","32","11","4","20000000.0000"
"04/06/2011","56","18","55","10","41","15","2","221700000.0000"
"04/02/2011","43","22","34","6","45","23","2","185200000.0000"
"03/30/2011","58","56","20","19","42","37","4","153700000.0000"
"03/26/2011","10","4","11","33","19","27","4","129000000.0000"
"03/23/2011","15","28","5","26","32","9","2","103100000.0000"
"03/19/2011","11","20","46","27","3","8","2","83500000.0000"
"03/16/2011","53","28","48","39","40","9","3","68100000.0000"
"03/12/2011","4","41","1","12","47","3","4","54100000.0000"
"03/09/2011","12","20","28","40","48","8","2","39500000.0000"
"03/05/2011","42","31","23","48","2","21","2","26700000.0000"
"03/02/2011","50","58","7","31","51","6","2","20000000.0000"
"02/26/2011","4","45","21","17","13","10","5","182100000.0000"
"02/23/2011","32","36","39","29","49","29","3","154800000.0000"
"02/19/2011","12","34","3","42","37","36","5","129100000.0000"
"02/16/2011","23","48","21","9","13","24","2","104300000.0000"
"02/12/2011","32","52","36","48","11","19","4","83500000.0000"
"02/09/2011","51","39","42","11","7","30","4","65600000.0000"
"02/05/2011","15","41","59","37","56","5","5","51400000.0000"
"02/02/2011","33","57","53","3","14","36","4","35700000.0000"
"01/29/2011","28","45","24","52","49","2","4","25000000.0000"
"01/26/2011","4","47","58","5","36","6","3","20000000.0000"
"01/22/2011","34","30","51","31","45","23","2","122100000.0000"
"01/19/2011","36","51","56","22","59","32","3","99400000.0000"
"01/15/2011","22","13","9","37","23","31","3","82400000.0000"
"01/12/2011","48","23","40","21","19","27","4","65800000.0000"
"01/08/2011","7","52","6","33","26","24","2","52500000.0000"
"01/05/2011","40","22","32","26","38","7","5","37900000.0000"
"01/01/2011","37","47","18","22","54","36","2","25000000.0000"
"12/29/2010","18","37","20","16","3","30","2","20000000.0000"
"12/25/2010","52","50","1","38","17","24","2","48800000.0000"
"12/22/2010","33","11","44","47","46","12","2","36200000.0000"
"12/18/2010","43","19","4","11","33","14","4","25000000.0000"
"12/15/2010","32","18","45","10","11","18","5","20000000.0000"
"12/11/2010","1","8","19","10","20","23","2","37500000.0000"
"12/08/2010","25","8","11","58","41","16","4","25000000.0000"
"12/04/2010","27","24","42","31","13","22","5","20000000.0000"
"12/01/2010","10","5","12","11","20","2","3","95300000.0000"
"11/27/2010","47","37","30","54","10","39","5","79400000.0000"
"11/24/2010","20","8","21","37","32","4","3","65300000.0000"
"11/20/2010","12","10","38","53","57","1","5","51600000.0000"
"11/17/2010","14","59","54","53","16","5","3","36200000.0000"
"11/13/2010","30","51","17","48","54","29","5","25000000.0000"
"11/10/2010","5","8","44","40","11","10","4","20000000.0000"
"11/06/2010","7","12","23","34","38","33","4","128600000.0000"
"11/03/2010","34","45","38","39","50","33","2","106500000.0000"
"10/30/2010","49","7","27","1","36","39","5","88800000.0000"
"10/27/2010","25","24","20","59","53","15","5","72300000.0000"
"10/23/2010","20","2","46","7","16","34","4","59500000.0000"
"10/20/2010","20","39","7","17","59","17","3","46100000.0000"
"10/16/2010","28","16","12","11","15","11","2","34600000.0000"
"10/13/2010","46","34","32","22","12","2","4","25000000.0000"
"10/09/2010","42","32","49","6","2","35","3","20000000.0000"
"10/06/2010","26","41","14","37","46","24","5","61500000.0000"
"10/02/2010","30","12","36","20","47","25","4","48900000.0000"
"09/29/2010","52","13","55","44","51","30","4","35500000.0000"
"09/25/2010","8","35","27","16","42","30","2","25000000.0000"
"09/22/2010","10","36","52","24","55","15","5","20000000.0000"
"09/18/2010","18","44","1","39","37","13","4","116000000.0000"
"09/15/2010","7","20","21","34","43","34","5","95100000.0000"
"09/11/2010","36","20","59","17","7","33","4","79100000.0000"
"09/08/2010","10","57","51","35","39","20","5","63700000.0000"
"09/04/2010","33","22","42","14","11","38","2","50400000.0000"
"09/01/2010","40","20","21","17","51","19","3","34700000.0000"
"08/28/2010","32","56","4","27","22","13","4","25000000.0000"
"08/25/2010","17","36","29","16","31","23","3","20000000.0000"
"08/21/2010","7","22","10","27","12","26","2","79000000.0000"
"08/18/2010","47","4","33","32","55","39","3","65300000.0000"
"08/14/2010","58","50","36","9","33","31","2","52900000.0000"
"08/11/2010","22","52","10","23","7","29","2","38100000.0000"
"08/07/2010","52","26","31","22","4","30","5","25500000.0000"
"08/04/2010","53","30","19","37","28","36","4","20000000.0000"
"07/31/2010","1","57","16","41","17","15","3","85700000.0000"
"07/28/2010","1","11","20","27","25","2","5","68500000.0000"
"07/24/2010","59","30","46","38","20","27","2","53900000.0000"
"07/21/2010","16","58","22","30","51","25","3","38600000.0000"
"07/17/2010","27","37","22","45","35","3","4","25600000.0000"
"07/14/2010","21","23","38","20","42","6","3","20000000.0000"
"07/10/2010","28","21","20","56","27","4","4","73800000.0000"
"07/07/2010","10","41","44","56","48","4","2","56000000.0000"
"07/03/2010","52","53","3","14","10","3","3","42100000.0000"
"06/30/2010","38","43","6","48","47","27","5","27400000.0000"
"06/26/2010","57","30","13","38","32","25","4","20000000.0000"
"06/23/2010","48","11","45","30","47","10","3","96900000.0000"
"06/19/2010","54","31","9","30","50","39","3","79100000.0000"
"06/16/2010","29","18","11","36","8","6","5","61500000.0000"
"06/12/2010","38","13","12","9","35","30","10","45700000.0000"
"06/09/2010","22","49","27","14","32","5","4","29000000.0000"
"06/05/2010","18","34","40","59","48","25","4","20000000.0000"
"06/02/2010","39","14","43","9","4","38","4","261600000.0000"
"05/29/2010","24","3","28","1","41","10","4","224500000.0000"
"05/26/2010","6","20","10","1","13","32","4","190200000.0000"
"05/22/2010","20","19","47","57","40","29","2","164400000.0000"
"05/19/2010","7","58","55","29","2","27","3","145700000.0000"
"05/15/2010","28","15","36","23","21","20","2","122500000.0000"
"05/12/2010","52","58","53","37","51","38","2","97300000.0000"
"05/08/2010","41","5","57","34","22","31","5","78900000.0000"
"05/05/2010","47","13","34","40","57","11","4","62800000.0000"
"05/01/2010","23","25","16","49","58","20","4","46600000.0000"
"04/28/2010","28","44","12","22","25","24","4","30200000.0000"
"04/24/2010","57","56","1","53","12","5","2","20000000.0000"
"04/21/2010","11","34","55","41","49","20","2","258500000.0000"
"04/17/2010","22","41","49","21","5","15","5","212700000.0000"
"04/14/2010","14","6","32","52","38","20","3","177600000.0000"
"04/10/2010","21","22","52","49","58","34","2","150900000.0000"
"04/07/2010","36","52","44","4","40","33","2","125300000.0000"
"04/03/2010","15","59","52","10","31","4","4","103500000.0000"
"03/31/2010","13","45","54","5","17","12","5","82800000.0000"
"03/27/2010","21","7","32","52","44","10","4","65200000.0000"
"03/24/2010","14","49","39","24","20","7","3","45200000.0000"
"03/20/2010","9","36","44","45","39","9","2","30300000.0000"
"03/17/2010","55","26","48","45","24","8","2","20000000.0000"
"03/13/2010","16","36","20","6","31","8","5","211700000.0000"
"03/10/2010","41","37","17","50","21","1","2","172700000.0000"
"03/06/2010","41","33","10","59","29","15","2","144700000.0000"
"03/03/2010","14","49","9","7","45","23","4","118300000.0000"
"02/27/2010","47","18","58","53","51","30","2","96500000.0000"
"02/24/2010","50","17","57","35","4","12","2","78100000.0000"
"02/20/2010","13","54","41","37","27","32","2","61600000.0000"
"02/17/2010","36","7","26","8","19","15","3","44200000.0000"
"02/13/2010","14","10","40","51","30","1","4","29500000.0000"
"02/10/2010","29","8","37","38","5","34","5","20000000.0000"
"02/06/2010","22","54","52","14","59","4","3","141400000.0000"
"02/03/2010","37","52","22","36","17","24","2","116500000.0000"
"01/30/2010","26","35","48","47","6","21","3","92500000.0000"
"01/27/2010","15","26","31","6","20","9","5","77500000.0000"
"01/23/2010","53","16","15","42","20","17","2","65000000.0000"
"01/20/2010","46","15","43","44","32","19","4","53400000.0000"
"01/16/2010","41","8","7","55","23","23","5","41900000.0000"
"01/13/2010","32","15","8","11","50","27","3","30400000.0000"
"01/09/2010","41","44","20","54","50","22","2","25000000.0000"
"01/06/2010","56","27","29","20","58","31","2","20000000.0000"
"01/02/2010","23","3","7","42","27","37","3","25000000.0000"
"12/30/2009","5","52","14","38","39","6","3","20000000.0000"
"12/26/2009","53","41","36","32","37","30","3","128600000.0000"
"12/23/2009","52","8","49","51","32","23","4","110000000.0000"
"12/19/2009","24","41","17","47","39","21","3","92900000.0000"
"12/16/2009","23","43","25","35","13","15","5","79300000.0000"
"12/12/2009","14","41","12","13","35","29","2","66800000.0000"
"12/09/2009","58","12","5","1","13","21","5","53400000.0000"
"12/05/2009","41","58","27","39","44","17","3","42500000.0000"
"12/02/2009","37","46","14","34","55","37","4","30500000.0000"
"11/28/2009","46","50","27","28","26","21","3","25000000.0000"
"11/25/2009","18","13","4","59","49","5","2","20000000.0000"
"11/21/2009","26","36","7","49","58","4","5","32800000.0000"
"11/18/2009","58","59","32","50","42","31","4","25000000.0000"
"11/14/2009","57","30","19","48","32","14","5","20000000.0000"
"11/11/2009","12","8","22","29","14","22","2","96600000.0000"
"11/07/2009","32","37","46","50","7","26","5","82600000.0000"
"11/04/2009","51","10","45","11","14","17","3","67700000.0000"
"10/31/2009","19","26","54","41","2","23","5","55300000.0000"
"10/28/2009","51","46","26","3","11","23","5","41900000.0000"
"10/24/2009","38","22","59","49","14","16","2","31600000.0000"
"10/21/2009","34","51","45","6","16","4","2","25000000.0000"
"10/17/2009","16","5","49","30","25","39","5","20000000.0000"
"10/14/2009","15","30","5","40","25","6","2","30000000.0000"
"10/10/2009","45","49","50","13","32","30","3","25000000.0000"
"10/07/2009","2","50","38","21","20","22","3","20000000.0000"
"10/03/2009","50","57","24","12","48","22","3","193000000.0000"
"09/30/2009","52","54","41","42","57","30","3","170000000.0000"
"09/26/2009","34","20","36","39","18","19","3","150000000.0000"
"09/23/2009","7","8","29","20","25","11","5","129000000.0000"
"09/19/2009","25","24","49","30","5","23","3","111000000.0000"
"09/16/2009","17","56","37","40","51","25","2","95000000.0000"
"09/12/2009","13","28","56","41","38","25","2","81000000.0000"
"09/09/2009","16","18","51","53","4","23","4","67000000.0000"
"09/05/2009","35","27","16","9","57","29","3","57000000.0000"
"09/02/2009","23","47","36","18","59","36","4","45000000.0000"
"08/29/2009","1","53","20","37","52","33","3","33000000.0000"
"08/26/2009","43","23","1","21","30","11","3","25000000.0000"
"08/22/2009","6","51","3","20","32","23","5","20000000.0000"
"08/19/2009","43","14","31","51","24","27","5","250000000.0000"
"08/15/2009","14","26","32","15","36","12","5","213000000.0000"
"08/12/2009","32","10","25","47","34","5","3","186000000.0000"
"08/08/2009","45","37","50","33","4","11","4","161000000.0000"
"08/05/2009","34","25","41","49","46","29","3","138000000.0000"
"08/01/2009","53","37","46","39","5","8","4","120000000.0000"
"07/29/2009","38","2","43","5","59","8","2","102000000.0000"
"07/25/2009","33","5","52","46","17","9","5","88000000.0000"
"07/22/2009","6","22","4","16","32","11","2","74000000.0000"
"07/18/2009","21","26","47","4","28","37","4","61000000.0000"
"07/15/2009","26","50","57","52","51","37","5","49000000.0000"
"07/11/2009","39","1","4","42","20","2","5","38000000.0000"
"07/08/2009","50","56","42","53","19","39","2","30000000.0000"
"07/04/2009","22","4","41","44","9","14","3","25000000.0000"
"07/01/2009","38","53","9","52","32","15","2","20000000.0000"
"06/27/2009","48","39","26","18","22","17","4","25000000.0000"
"06/24/2009","53","24","51","16","18","16","5","20000000.0000"
"06/20/2009","28","22","3","11","18","33","2","86000000.0000"
"06/17/2009","53","9","37","5","42","27","5","72000000.0000"
"06/13/2009","20","41","13","35","16","6","4","59000000.0000"
"06/10/2009","26","42","58","27","15","37","2","45000000.0000"
"06/06/2009","45","10","23","30","18","2","3","34000000.0000"
"06/03/2009","22","20","32","16","37","9","2","25000000.0000"
"05/30/2009","51","42","1","59","23","20","5","20000000.0000"
"05/27/2009","5","16","6","21","12","7","3","222000000.0000"
"05/23/2009","52","19","57","34","23","21","5","192000000.0000"
"05/20/2009","23","30","42","35","31","6","2","170000000.0000"
"05/16/2009","6","7","40","56","31","38","2","150000000.0000"
"05/13/2009","30","40","37","32","19","37","3","129000000.0000"
"05/09/2009","49","32","4","15","58","21","3","109000000.0000"
"05/06/2009","12","7","22","31","8","18","5","92000000.0000"
"05/02/2009","45","20","38","42","3","27","3","77000000.0000"
"04/29/2009","6","36","50","19","59","13","5","65000000.0000"
"04/25/2009","52","42","30","8","26","15","5","53000000.0000"
"04/22/2009","30","15","48","22","37","12","2","42000000.0000"
"04/18/2009","7","28","44","43","15","20","3","31000000.0000"
"04/15/2009","59","22","26","16","27","5","2","25000000.0000"
"04/11/2009","46","49","7","35","28","20","4","20000000.0000"
"04/08/2009","52","56","1","6","48","9","5","143000000.0000"
"04/04/2009","21","57","58","14","50","7","3","126000000.0000"
"04/01/2009","2","33","41","54","9","14","3","109000000.0000"
"03/28/2009","48","2","16","41","3","19","3","94000000.0000"
"03/25/2009","23","47","10","20","54","26","2","81000000.0000"
"03/21/2009","49","27","23","52","19","21","4","70000000.0000"
"03/18/2009","16","29","26","45","41","1","2","55000000.0000"
"03/14/2009","7","44","33","30","51","10","2","44000000.0000"
"03/11/2009","13","7","47","3","34","30","5","32000000.0000"
"03/07/2009","59","27","56","28","21","21","2","25000000.0000"
"03/04/2009","6","1","44","55","49","36","2","20000000.0000"
"02/28/2009","3","58","16","20","42","7","5","173000000.0000"
"02/25/2009","32","49","42","56","17","11","4","150000000.0000"
"02/21/2009","31","46","13","45","41","21","4","125000000.0000"
"02/18/2009","44","15","56","39","2","15","3","105000000.0000"
"02/14/2009","33","8","45","9","2","5","5","92000000.0000"
"02/11/2009","5","22","45","49","10","37","2","78000000.0000"
"02/07/2009","18","53","5","28","20","27","2","65000000.0000"
"02/04/2009","24","44","30","32","7","18","4","52000000.0000"
"01/31/2009","33","26","14","41","1","37","4","42000000.0000"
"01/28/2009","10","32","18","5","23","4","4","30000000.0000"
"01/24/2009","6","37","42","20","25","25","2","25000000.0000"
"01/21/2009","26","20","54","46","38","23","4","20000000.0000"
"01/17/2009","9","5","59","23","2","26","2","165000000.0000"
"01/14/2009","46","34","25","8","39","34","5","146000000.0000"
"01/10/2009","8","56","10","18","43","9","3","146000000.0000"
"01/07/2009","31","52","23","33","38","24","5","120000000.0000"
"01/03/2009","38","22","55","24","17","24","3","105000000.0000"
"12/31/2008","11","53","8","7","17","36","5","80000000.0000"
"12/27/2008","12","43","15","31","26","10","5","70000000.0000"
"12/24/2008","17","2","32","22","41","8","5","62000000.0000"
"12/20/2008","3","14","19","32","54","24","5","62000000.0000"
"12/17/2008","11","7","30","24","18","26","4","57000000.0000"
"12/13/2008","40","14","28","26","31","13","2","40000000.0000"
"12/10/2008","37","6","41","24","15","37","4","35000000.0000"
"12/06/2008","53","9","39","43","35","10","5","30000000.0000"
"12/03/2008","17","21","25","16","55","3","5","25000000.0000"
"11/29/2008","5","55","33","39","36","21","4","20000000.0000"
"11/26/2008","11","31","52","26","34","14","2","15000000.0000"
"11/22/2008","19","32","26","45","17","14","4","61000000.0000"
"11/19/2008","8","45","13","39","38","31","4","50000000.0000"
"11/15/2008","7","44","8","12","3","37","2","42000000.0000"
"11/12/2008","18","45","25","1","29","2","2","32000000.0000"
"11/08/2008","40","36","4","21","2","41","2","25000000.0000"
"11/05/2008","18","33","36","4","8","32","2","20000000.0000"
"11/01/2008","40","4","41","6","26","15","4","15000000.0000"
"10/29/2008","37","50","20","30","52","33","2","59000000.0000"
"10/25/2008","48","1","3","38","14","2","2","52000000.0000"
"10/22/2008","17","52","10","33","51","5","3","42000000.0000"
"10/18/2008","40","10","14","32","49","15","4","32000000.0000"
"10/15/2008","3","13","38","32","48","13","4","25000000.0000"
"10/11/2008","39","3","17","47","7","9","4","20000000.0000"
"10/08/2008","48","12","54","17","2","2","4","15000000.0000"
"10/04/2008","39","4","32","1","26","18","5","20000000.0000"
"10/01/2008","43","39","8","9","55","26","2","15000000.0000"
"09/27/2008","40","24","13","29","52","29","4","200000000.0000"
"09/24/2008","32","36","13","21","5","33","5","176000000.0000"
"09/20/2008","47","30","40","28","6","24","5","154000000.0000"
"09/17/2008","12","26","32","23","44","20","3","136000000.0000"
"09/13/2008","29","17","7","51","43","38","2","118000000.0000"
"09/10/2008","37","28","15","53","14","18","2","102000000.0000"
"09/06/2008","26","54","49","25","17","11","4","92000000.0000"
"09/03/2008","49","38","40","46","50","34","2","81000000.0000"
"08/30/2008","14","32","47","2","15","36","3","72000000.0000"
"08/27/2008","13","49","31","48","36","11","2","62000000.0000"
"08/23/2008","47","33","18","48","24","23","3","52000000.0000"
"08/20/2008","15","24","47","35","16","26","2","43000000.0000"
"08/16/2008","5","43","34","52","40","20","5","35000000.0000"
"08/13/2008","31","10","5","23","19","26","4","25000000.0000"
"08/09/2008","53","40","32","49","43","21","5","20000000.0000"
"08/06/2008","24","37","5","36","51","19","4","15000000.0000"
"08/02/2008","5","28","33","2","54","30","5","87000000.0000"
"07/30/2008","25","55","3","51","45","13","3","75000000.0000"
"07/26/2008","51","55","21","12","13","18","4","64000000.0000"
"07/23/2008","52","11","14","35","41","2","4","54000000.0000"
"07/19/2008","6","28","46","53","55","2","3","43000000.0000"
"07/16/2008","3","23","15","42","29","17","4","33000000.0000"
"07/12/2008","20","50","12","2","22","17","2","25000000.0000"
"07/09/2008","5","31","7","49","53","14","4","20000000.0000"
"07/05/2008","24","47","34","1","48","18","5","15000000.0000"
"07/02/2008","46","33","52","48","4","17","5","85000000.0000"
"06/28/2008","26","32","14","34","44","6","3","75000000.0000"
"06/25/2008","53","45","14","21","25","9","2","64000000.0000"
"06/21/2008","8","7","50","31","9","31","2","53000000.0000"
"06/18/2008","52","9","31","39","12","32","4","42000000.0000"
"06/14/2008","50","31","9","20","11","14","4","33000000.0000"
"06/11/2008","7","49","18","28","21","1","5","25000000.0000"
"06/07/2008","26","44","34","12","48","9","2","20000000.0000"
"06/04/2008","18","5","52","40","20","3","3","15000000.0000"
"05/31/2008","9","17","3","14","25","8","4","33000000.0000"
"05/28/2008","18","45","22","10","37","9","2","25000000.0000"
"05/24/2008","40","33","51","52","41","6","2","20000000.0000"
"05/21/2008","21","33","42","7","16","25","4","15000000.0000"
"05/17/2008","12","21","14","15","43","30","3","35000000.0000"
"05/14/2008","46","29","21","32","19","32","2","26000000.0000"
"05/10/2008","30","7","18","45","41","6","2","20000000.0000"
"05/07/2008","42","26","25","28","9","26","2","15000000.0000"
"05/03/2008","28","2","36","46","42","40","3","179000000.0000"
"04/30/2008","25","51","43","17","1","38","3","162000000.0000"
"04/26/2008","27","45","7","12","17","24","5","144000000.0000"
"04/23/2008","22","39","21","20","11","1","10","125000000.0000"
"04/19/2008","24","13","19","39","33","8","3","105000000.0000"
"04/16/2008","21","18","11","16","51","16","10","91000000.0000"
"04/12/2008","52","11","55","48","29","36","4","80000000.0000"
"04/09/2008","46","13","32","3","19","18","4","68000000.0000"
"04/05/2008","30","47","27","12","37","26","5","57000000.0000"
"04/02/2008","37","1","55","44","34","33","4","46000000.0000"
"03/29/2008","18","36","31","25","20","7","5","36000000.0000"
"03/26/2008","20","37","49","9","12","17","2","26000000.0000"
"03/22/2008","48","46","28","25","7","19","3","20000000.0000"
"03/19/2008","29","6","8","49","41","42","4","15000000.0000"
"03/15/2008","6","42","43","47","22","16","2","275000000.0000"
"03/12/2008","30","12","34","19","36","8","4","230000000.0000"
"03/08/2008","29","49","17","34","31","16","2","200000000.0000"
"03/05/2008","10","15","23","16","31","5","3","173000000.0000"
"03/01/2008","31","21","19","2","55","19","4","153000000.0000"
"02/27/2008","37","48","53","20","24","11","5","133000000.0000"
"02/23/2008","23","29","8","13","47","32","3","115000000.0000"
"02/20/2008","20","9","36","22","12","31","3","100000000.0000"
"02/16/2008","3","49","4","20","8","18","3","86000000.0000"
"02/13/2008","32","13","38","51","19","30","3","74000000.0000"
"02/09/2008","24","4","23","43","30","28","5","63000000.0000"
"02/06/2008","3","43","5","42","12","5","5","52000000.0000"
"02/02/2008","14","44","25","26","16","30","3","43000000.0000"
"01/30/2008","55","2","17","41","54","17","2","33000000.0000"
"01/26/2008","39","53","35","11","54","24","2","25000000.0000"
"01/23/2008","48","47","35","4","16","39","3","20000000.0000"
"01/19/2008","28","20","23","25","27","2","5","15000000.0000"
"01/16/2008","9","18","47","38","19","11","5","95000000.0000"
"01/12/2008","47","53","43","23","39","14","3","83000000.0000"
"01/09/2008","2","20","13","23","21","24","3","71000000.0000"
"01/05/2008","33","11","16","4","40","9","4","63000000.0000"
"01/02/2008","31","34","48","11","2","5","4","52000000.0000"
"12/29/2007","8","12","49","17","35","18","4","42000000.0000"
"12/26/2007","55","32","8","54","41","20","3","32000000.0000"
"12/22/2007","34","10","38","5","11","21","4","25000000.0000"
"12/19/2007","22","15","42","18","23","37","3","20000000.0000"
"12/15/2007","47","22","37","48","50","17","3","15000000.0000"
"12/12/2007","7","40","55","33","14","15","5","33000000.0000"
"12/08/2007","31","8","29","25","4","41","3","26000000.0000"
"12/05/2007","8","55","21","15","1","41","3","20000000.0000"
"12/01/2007","41","32","39","55","7","13","2","15000000.0000"
"11/28/2007","23","39","8","32","37","38","3","155000000.0000"
"11/24/2007","7","1","23","35","13","19","5","137000000.0000"
"11/21/2007","3","11","13","20","40","20","2","120000000.0000"
"11/17/2007","53","52","49","27","17","23","3","109000000.0000"
"11/14/2007","16","30","20","18","48","6","2","95000000.0000"
"11/10/2007","6","26","30","24","22","12","4","82000000.0000"
"11/07/2007","46","22","35","52","29","2","5","71000000.0000"
"11/03/2007","1","38","40","53","31","42","2","62000000.0000"
"10/31/2007","29","18","6","37","16","24","2","51000000.0000"
"10/27/2007","13","25","30","40","43","12","4","43000000.0000"
"10/24/2007","10","52","11","49","18","2","4","34000000.0000"
"10/20/2007","40","10","11","37","54","10","3","26000000.0000"
"10/17/2007","46","15","42","19","14","37","4","20000000.0000"
"10/13/2007","21","34","36","30","49","42","3","15000000.0000"
"10/10/2007","31","54","33","16","12","5","4","20000000.0000"
"10/06/2007","33","32","51","8","30","2","3","15000000.0000"
"10/03/2007","2","4","15","28","14","23","4","15000000.0000"
"09/29/2007","38","55","33","31","49","39","3","15000000.0000"
"09/26/2007","27","54","25","31","44","8","2","61000000.0000"
"09/22/2007","4","9","18","55","43","3","3","48000000.0000"
"09/19/2007","26","25","20","46","45","15","3","38000000.0000"
"09/15/2007","51","48","16","13","27","21","5","29000000.0000"
"09/12/2007","47","5","24","26","33","1","4","20000000.0000"
"09/08/2007","12","30","7","48","28","40","2","15000000.0000"
"09/05/2007","48","30","21","20","11","18","2","29000000.0000"
"09/01/2007","19","39","23","37","12","13","4","20000000.0000"
"08/29/2007","33","47","13","16","44","29","3","15000000.0000"
"08/25/2007","23","29","35","8","2","19","3","300000000.0000"
"08/22/2007","12","37","48","40","50","37","4","245000000.0000"
"08/18/2007","15","12","31","28","50","12","5","210000000.0000"
"08/15/2007","19","51","24","22","38","9","2","181000000.0000"
"08/11/2007","37","1","11","10","40","20","4","161000000.0000"
"08/08/2007","52","21","9","16","30","9","2","141000000.0000"
"08/04/2007","27","24","2","36","23","3","2","123000000.0000"
"08/01/2007","16","52","9","23","51","12","5","105000000.0000"
"07/28/2007","19","24","47","27","15","11","5","94000000.0000"
"07/25/2007","28","35","47","40","53","30","5","82000000.0000"
"07/21/2007","46","39","30","14","43","14","4","72000000.0000"
"07/18/2007","9","42","14","40","3","3","4","60000000.0000"
"07/14/2007","1","36","30","34","21","37","5","50000000.0000"
"07/11/2007","43","42","20","29","8","35","5","36000000.0000"
"07/07/2007","47","21","41","15","27","20","3","27000000.0000"
"07/04/2007","17","49","15","1","2","35","5","20000000.0000"
"06/30/2007","38","39","47","24","46","26","3","15000000.0000"
"06/27/2007","9","13","11","24","43","18","4","103000000.0000"
"06/23/2007","27","43","14","15","53","28","4","89000000.0000"
"06/20/2007","32","31","55","37","23","35","3","76000000.0000"
"06/16/2007","8","47","4","51","32","27","5","66000000.0000"
"06/13/2007","47","28","13","30","10","26","3","54000000.0000"
"06/09/2007","10","7","32","25","41","22","2","43000000.0000"
"06/06/2007","45","14","48","5","9","28","4","32000000.0000"
"06/02/2007","2","36","22","32","47","36","5","25000000.0000"
"05/30/2007","55","7","54","23","35","28","2","20000000.0000"
"05/26/2007","21","5","46","1","51","29","4","15000000.0000"
"05/23/2007","38","24","3","11","36","6","4","63000000.0000"
"05/19/2007","26","19","45","21","3","2","2","53000000.0000"
"05/16/2007","42","7","16","6","34","23","2","43000000.0000"
"05/12/2007","30","51","53","44","46","25","3","34000000.0000"
"05/09/2007","44","2","52","30","13","40","4","25000000.0000"
"05/05/2007","29","21","13","40","50","6","2","20000000.0000"
"05/02/2007","40","1","8","47","35","9","3","15000000.0000"
"04/28/2007","16","43","46","49","22","10","4","68000000.0000"
"04/25/2007","14","12","13","17","53","11","4","57000000.0000"
"04/21/2007","45","26","28","22","33","17","4","47000000.0000"
"04/18/2007","13","10","24","12","6","19","3","36000000.0000"
"04/14/2007","12","49","21","36","38","18","10","27000000.0000"
"04/11/2007","42","51","6","38","15","18","2","20000000.0000"
"04/07/2007","28","55","54","2","31","23","4","15000000.0000"
"04/04/2007","39","19","53","30","40","16","5","15000000.0000"
"03/31/2007","36","5","2","16","40","36","2","41000000.0000"
"03/28/2007","47","6","35","20","37","1","2","30000000.0000"
"03/24/2007","53","38","40","10","48","3","5","20000000.0000"
"03/21/2007","53","38","24","54","16","5","5","15000000.0000"
"03/17/2007","17","47","44","7","54","3","3","183000000.0000"
"03/14/2007","44","4","27","30","39","18","2","165000000.0000"
"03/10/2007","42","18","43","34","14","32","5","142000000.0000"
"03/07/2007","18","16","46","19","13","36","5","120000000.0000"
"03/03/2007","16","22","5","1","48","6","3","105000000.0000"
"02/28/2007","41","20","13","42","53","2","3","90000000.0000"
"02/24/2007","42","55","38","54","36","24","3","78000000.0000"
"02/21/2007","8","2","29","22","37","3","3","67000000.0000"
"02/17/2007","35","1","15","37","45","32","3","58000000.0000"
"02/14/2007","3","30","26","54","55","15","3","46000000.0000"
"02/10/2007","41","11","16","42","2","16","3","37000000.0000"
"02/07/2007","22","4","28","37","52","10","3","27000000.0000"
"02/03/2007","13","20","33","42","12","37","5","20000000.0000"
"01/31/2007","48","42","2","25","15","14","4","15000000.0000"
"01/27/2007","10","26","19","32","27","14","5","15000000.0000"
"01/24/2007","53","29","9","42","19","17","3","240000000.0000"
"01/20/2007","1","38","5","26","32","30","5","205000000.0000"
"01/17/2007","52","35","16","49","50","31","2","180000000.0000"
"01/13/2007","21","1","26","23","25","4","2","155000000.0000"
"01/10/2007","45","54","42","53","36","36","2","131000000.0000"
"01/06/2007","24","40","1","50","49","38","4","115000000.0000"
"01/03/2007","12","55","24","35","10","31","3","100000000.0000"
"12/30/2006","31","28","23","9","36","26","5","88000000.0000"
"12/27/2006","14","29","16","27","41","29","3","75000000.0000"
"12/23/2006","27","43","53","8","52","5","5","65000000.0000"
"12/20/2006","6","26","14","1","34","34","5","53000000.0000"
"12/16/2006","28","17","36","5","51","5","4","43000000.0000"
"12/13/2006","33","32","19","54","42","15","3","33000000.0000"
"12/09/2006","52","22","19","34","30","40","4","25000000.0000"
"12/06/2006","38","36","35","7","34","14","4","20000000.0000"
"12/02/2006","42","34","50","45","17","11","3","15000000.0000"
"11/29/2006","2","9","12","8","19","25","3","74000000.0000"
"11/25/2006","55","49","28","5","18","38","5","64000000.0000"
"11/22/2006","22","49","32","36","55","8","5","54000000.0000"
"11/18/2006","42","36","19","1","8","20","2","45000000.0000"
"11/15/2006","11","28","43","30","34","29","3","35000000.0000"
"11/11/2006","40","49","38","35","55","41","2","27000000.0000"
"11/08/2006","12","53","8","11","26","4","4","20000000.0000"
"11/04/2006","44","13","34","12","39","5","5","15000000.0000"
"11/01/2006","46","54","13","7","8","35","2","93000000.0000"
"10/28/2006","38","22","41","30","14","12","5","83000000.0000"
"10/25/2006","16","40","43","48","42","1","5","70000000.0000"
"10/21/2006","45","55","29","9","31","7","4","59000000.0000"
"10/18/2006","41","2","24","34","48","24","3","47000000.0000"
"10/14/2006","26","15","1","17","40","19","2","37000000.0000"
"10/11/2006","38","10","35","5","12","9","4","27000000.0000"
"10/07/2006","4","31","45","3","8","12","5","20000000.0000"
"10/04/2006","39","27","7","3","40","8","5","15000000.0000"
"09/30/2006","30","32","15","39","6","5","5","15000000.0000"
"09/27/2006","49","23","33","35","28","16","3","15000000.0000"
"09/23/2006","21","45","26","13","50","20","4","203000000.0000"
"09/20/2006","54","8","7","29","17","26","2","179000000.0000"
"09/16/2006","26","42","27","7","8","12","5","157000000.0000"
"09/13/2006","15","47","19","45","26","3","4","137000000.0000"
"09/09/2006","20","47","3","22","19","2","2","119000000.0000"
"09/06/2006","27","35","21","55","2","1","4","102000000.0000"
"09/02/2006","24","28","3","49","8","25","4","89000000.0000"
"08/30/2006","35","3","19","43","33","1","4","75000000.0000"
"08/26/2006","26","24","42","38","46","16","5","64000000.0000"
"08/23/2006","17","8","51","24","38","31","5","51000000.0000"
"08/19/2006","12","51","29","22","26","9","3","40000000.0000"
"08/16/2006","22","2","13","50","48","2","4","29000000.0000"
"08/12/2006","14","54","27","18","13","32","5","20000000.0000"
"08/09/2006","52","19","43","41","16","35","2","15000000.0000"
"08/05/2006","48","50","3","9","2","23","2","204000000.0000"
"08/02/2006","24","19","10","16","13","15","4","178000000.0000"
"07/29/2006","14","39","55","19","26","29","4","155000000.0000"
"07/26/2006","10","5","24","17","43","31","4","135000000.0000"
"07/22/2006","40","47","14","55","54","6","4","116000000.0000"
"07/19/2006","44","50","2","38","32","21","4","100000000.0000"
"07/15/2006","36","20","47","50","35","5","4","86000000.0000"
"07/12/2006","31","33","30","18","19","15","5","73000000.0000"
"07/08/2006","50","44","49","32","37","13","4","62000000.0000"
"07/05/2006","26","52","39","41","53","20","2","50000000.0000"
"07/01/2006","40","35","42","2","31","34","3","40000000.0000"
"06/28/2006","45","51","8","16","2","32","5","28000000.0000"
"06/24/2006","39","8","47","11","30","23","3","20000000.0000"
"06/21/2006","11","19","22","43","45","34","3","15000000.0000"
"06/17/2006","39","48","20","22","10","25","4","100000000.0000"
"06/14/2006","4","40","14","48","15","12","3","86000000.0000"
"06/10/2006","36","54","24","26","16","11","3","73000000.0000"
"06/07/2006","20","10","4","26","40","8","5","60000000.0000"
"06/03/2006","20","5","18","50","6","35","5","48000000.0000"
"05/31/2006","49","22","20","43","10","3","5","38000000.0000"

"Every effort has been made to ensure that the winning numbers posted in this file are accurate; however, no valid claim may be based on information contained herein.  In the event of a discrepancy between the numbers posted in this file and the official winning numbers, the official winning numbers as certified by the Multi-State Lottery Association and/or the NCEL shall control. "
